,Gene name,mito,ORF,value,R value,P value,BH
0,ALD4,core,YOR374W,0.012372267037043016,0.842803828184252,1.6442243125980286e-14,2.0448171451219117e-12
1,PET9,core,YBL030C,0.0050511984662175964,0.5846317006047332,1.5953610656352265e-05,0.0008204714051838307
2,POR1,core,YNL055C,0.004498737251149662,0.7393719389987715,8.65335488561958e-10,8.578108321396802e-08
3,ATP1,core,YBL099W,0.004456259614906638,0.8848293518690169,1.543665677274809e-17,2.030514083184556e-15
4,ATP2,core,YJR121W,0.004113298616146047,0.7735216305230078,4.54619226868746e-11,5.270500867427496e-09
5,ACS1,core,YAL054C,0.0037181280411988054,0.7635266426417856,1.0634761321702269e-09,1.0391681062920502e-07
6,SOD1,mito,YJR104C,0.003024022886851548,0.4004137838789035,0.003959600707218638,0.07461065795420242
7,ALD6,mito,YPL061W,0.002926442743239431,0.23141774195813922,0.10587458922881764,0.48472703502350245
8,ACO1,core,YLR304C,0.002709051202591107,0.7085214288381254,1.7599478397691562e-08,1.4680540517098814e-06
9,AAC3,core,YBR085W,0.0026608952943177324,0.538286994852799,5.5289406498312264e-05,0.002720716118334215
10,CPR1,mito,YDR155C,0.0024951132245012576,0.09203531320889237,0.5249856503881374,0.9278816146394987
11,CIT1,core,YNR001C,0.0022246264667057304,0.9398922615051807,1.435418933750174e-23,2.283317559732835e-21
12,HSP60,mito,YLR259C,0.0021948285279926637,0.5025062026656113,0.0002730837163675304,0.009883029735205861
13,MDH1,core,YKL085W,0.001979264524502964,0.7666881156004575,8.528288855408527e-11,9.114608714217863e-09
14,QCR2,core,YPR191W,0.0019651531223519,0.8787942246859767,4.901230067813689e-17,6.325361068650119e-15
15,SSC1,mito,YJR045C,0.0018946351978254793,0.3104087962715136,0.03577043282357646,0.2987420763287704
16,AI4,core,Q0065,0.001884294852574403,0.5232122044908137,9.677715752445397e-05,0.004163243757655756
17,ILV5,mito,YLR355C,0.0018716369357302761,0.39474263519778013,0.009680853251216167,0.13881978247026958
18,ICL1,core,YER065C,0.001835073973070447,0.6109204828444538,5.100268291140276e-06,0.0002836246757024348
19,HSC82,mito,YMR186W,0.0018303234754143802,-0.22580641847276853,0.11874439461929767,0.5153627279162412
20,CYC1,mito,YJR048W,0.0017983143967232925,0.14458983054709307,0.31642965062760436,0.7713395617579522
21,ADH3,core,YMR083W,0.0017867442863894645,0.3953259402280973,0.0044912586644534035,0.08127039488058539
22,ACH1,core,YBL015W,0.0017403894812880135,0.7190571236368206,4.0580275725193804e-09,3.802316246031858e-07
23,COB,core,Q0105,0.0016841312468267484,0.7062438765097194,1.00561523446295e-08,9.05053711016655e-07
24,LPD1,core,YFL018C,0.0016633845943920984,0.47693284368967614,0.00046223847585092324,0.0149137319566996
25,VMA1,core,YDL185W,0.00164859690055259,0.06257170974128098,0.6659729523221809,1.0301345531170776
26,TMA19,mito,YKL056C,0.0015797316127349106,0.02135611608439558,0.882968031630172,1.1686341595105219
27,KGD1,core,YIL125W,0.001551336701083584,0.7446664778705134,5.650070626257534e-10,5.768131803522616e-08
28,GUT2,core,YIL155C,0.001540366059782273,0.6739616602378131,8.107137470387544e-08,6.0937165162033844e-06
29,YHB1,mito,YGR234W,0.0014635855479597792,0.41225349958291935,0.002931054192608017,0.06187781073283591
30,ATP6,core,Q0085,0.0014147888597791363,0.9100672123232183,5.462621484699503e-20,7.94985765007332e-18
31,COR1,core,YBL045C,0.0013870409681747662,0.8685831450786708,3.0296023524839105e-16,3.837496313146286e-14
32,FUM1,core,YPL262W,0.0013336318082039955,0.7105222724691005,7.467597789640619e-09,6.902482281235383e-07
33,SSA2,mito,YLL024C,0.0013228723676841244,-0.34101669369297,0.01649130018295463,0.19118727669730454
34,MIR1,core,YJR077C,0.0013223046167117909,0.7747097080529893,4.066128992498797e-11,4.795227984257203e-09
35,YNK1,mito,YKL067W,0.0013134309490268827,0.6201878547953411,1.5588021150977541e-06,9.692914970244215e-05
36,ATP5,core,YDR298C,0.001203141096670575,0.678724700553171,6.057224244626059e-08,4.708115208322982e-06
37,OM45,core,YIL136W,0.0012022853079817492,0.7218447611935241,3.309052001280202e-09,3.1435994012161917e-07
38,IPP1,core,YBR011C,0.001173950746706417,0.12842858404819796,0.37408540573860827,0.7991081121961525
39,IDP2,core,YLR174W,0.0011360524324783535,0.7658407560824814,3.571908582709043e-10,3.7587468778045927e-08
40,MMF1,mito,YIL051C,0.001072746112197086,0.08497512042451463,0.5573850014336694,0.9531283524515748
41,MCR1,mito,YKL150W,0.0010724522380174445,0.44453743344758395,0.0015483890032491306,0.03823458766145867
42,LSC2,core,YGR244C,0.001023682461992553,0.5780866664734026,1.1006844378603063e-05,0.0005881782464816012
43,LEU4,mito,YNL104C,0.0010232990855048938,0.6265953726270322,1.46245498498982e-06,9.177240456266393e-05
44,COX11,core,YPL132W,0.0010129956893961455,0.5232122044908138,9.677715752445359e-05,0.0042984140095276785
45,GUS1,mito,YGL245W,0.0010018379899150917,-0.06709386859171351,0.646916881199536,1.018391592037935
46,ADK1,mito,YDR226W,0.0009668164231409415,-0.1126626405628568,0.4359911389623955,0.858922635513475
47,QCR7,core,YDR529C,0.000965975599495762,0.521351616848166,0.00010351229157208323,0.004370518977487958
48,HMF1,mito,YER057C,0.0009510323341527486,0.2642418837241839,0.0695434924306668,0.40517673613778615
49,PDA1,core,YER178W,0.0009194838728079629,0.43823305696503295,0.001457198479305304,0.03677947453301948
50,HSP10,mito,YOR020C,0.0009143787003540771,0.3339418524786608,0.020359253701182273,0.21228246237208348
51,ATP3,core,YBR039W,0.0009108253910595597,0.5768558907095356,1.1607083908108772e-05,0.0006154453793136745
52,COX3,core,Q0275,0.0009031383381086312,0.5232122044908138,9.677715752445359e-05,0.004216278709982564
53,IDH2,core,YOR136W,0.0008910038927434601,0.7046692388283847,1.1205429979774947e-08,9.701916590083625e-07
54,VAS1,mito,YGR094W,0.0008790552387103147,-0.0842552519911734,0.5648948492422265,0.9575912686039231
55,SDH1,core,YKL148C,0.0008715446679227753,0.6280718252477789,1.763125079694473e-06,0.0001076765673670553
56,IDH1,core,YNL037C,0.000862763255854015,0.7843526458325585,1.6020013419715673e-11,1.922401610365881e-09
57,CAT2,mito,YML042W,0.0008521351033467772,0.5487219170668926,7.867483454641998e-05,0.003636053164172383
58,MSC1,mito,YML128C,0.0008412113238188197,0.516724360175929,0.00020040744961876653,0.007744559070013351
59,ATP16,core,YDL004W,0.0008274590285908635,0.9100672123232185,5.462621484699162e-20,8.303184656742725e-18
60,GRS1,mito,YBR121C,0.0008175189057755342,-0.10193350485018254,0.49057198058203144,0.9020194481669611
61,ILV3,mito,YJR016C,0.0008165206355587595,0.051939356989855696,0.7201791046751655,1.0641661430067255
62,ALA1,mito,YOR335C,0.0008159272640619668,-0.2473804087636239,0.09004042778423006,0.4541862286461162
63,LSC1,core,YOR142W,0.0008050317490578923,0.5280738911794165,8.102449651958627e-05,0.003694717041293134
64,ATP4,core,YPL078C,0.0008023351997173262,0.6806827359306563,5.3647829698689235e-08,4.217829369414188e-06
65,SDH2,core,YLL041C,0.0007920922128964069,0.9137609081488102,2.0831885808814006e-20,3.238411339370177e-18
66,VMA2,mito,YBR127C,0.000788563038734973,0.048586994901039036,0.7375720865574236,1.07706940052365
67,COX6,core,YHR051W,0.0007761112016322778,0.4855501648233657,0.00035125664085821143,0.011953211062040628
68,ATP7,core,YKL016C,0.0007559117756222831,0.6188259114582945,1.668022815353302e-06,0.0001027862707839332
69,LYS21,mito,YDL131W,0.0007473350800769077,0.2775598439680763,0.050993193552649106,0.34949242875763514
70,PYC2,core,YBR218C,0.0007466225267452824,-0.04839938773526195,0.7385493938340006,1.07711681318221
71,AAT2,core,YLR027C,0.0007273426774154879,0.33536876161138474,0.019796250381799437,0.20928338888950254
72,KGD2,core,YDR148C,0.0007222388251799661,0.6988754061541025,1.6586807136082794e-08,1.400663713713658e-06
73,QCR10,core,YHR001W-A,0.0007096482358706317,0.4108846502364035,0.0037200973510767314,0.07147602775664282
74,IDP1,core,YDL066W,0.0007022263308653039,0.28143291823304856,0.050116415881581514,0.34660898344794494
75,ATP14,core,YLR295C,0.0006863841582494861,0.9100672123232183,5.462621484699503e-20,8.122680642466218e-18
76,CYB2,mito,YML054C,0.0006842396450030784,0.7272992860968754,1.0355414504209746e-08,9.080901949845469e-07
77,ILV2,mito,YMR108W,0.0006801232033289096,0.23131602864029144,0.10603239672684157,0.484800530489035
78,LAT1,core,YNL071W,0.0006797681054638405,0.27696446821564114,0.05151329758288491,0.34990164395921824
79,QCR6,core,YFR033C,0.0006638712283677611,0.7062438765097195,1.00561523446295e-08,8.932997667177375e-07
80,COX9,core,YDL067C,0.0006548125013531471,0.3143435745740634,0.03140696511953825,0.27506228094448354
81,GPD1,core,YDL022W,0.0006488026824625985,0.18336928619342918,0.20242909439705964,0.63777752449373
82,SHM1,mito,YBR263W,0.0006487426850750862,0.32993234138989974,0.01928858348090572,0.2064693443026528
83,SOD2,mito,YHR008C,0.0006414433771473714,0.578416577991633,1.0850895756099315e-05,0.000584410448596215
84,CTA1,mito,YDR256C,0.0006341295370157244,0.5305604374326595,0.00021165436270391308,0.008042865782748697
85,LYS12,mito,YIL094C,0.000630506428788605,0.0889522128162199,0.5390184859344653,0.9395735075921873
86,COX2,core,Q0250,0.0006280163639734278,0.4508046131616096,0.0014727373853717553,0.036764685094681775
87,PRX1,mito,YBL064C,0.0006271031682883217,0.8262670132533505,1.4883462142003966e-13,1.817908590201913e-11
88,APE2,mito,YKL157W,0.0006255894882134101,0.12169853015711159,0.3998390012733226,0.8260038564510803
89,POT1,mito,YIL160C,0.0006114140745428381,0.4961841150355861,0.0005275204333712303,0.01670481372342229
90,TRR1,mito,YDR353W,0.0006063294774277878,-0.1051646159273832,0.46732590305532506,0.885214394045534
91,HSP78,mito,YDR258C,0.0006031884511729389,0.4527842911240864,0.000961261820232814,0.026836860613846727
92,NDE2,core,YDL085W,0.000602035179790742,0.5971045067011432,4.711045853773277e-06,0.0002663103606595803
93,SFC1,mito,YJR095W,0.0005983091247131654,0.7276316124629968,1.4915259315143553e-08,1.2752546714447737e-06
94,NDE1,core,YMR145C,0.0005873737960743087,0.300569221352546,0.03393000983019106,0.28901776742030744
95,NDI1,core,YML120C,0.0005824620412897317,0.6442498159733377,4.4586758259141246e-07,3.0497342649252613e-05
96,ETR1,mito,YBR026C,0.0005723752645938286,0.5383923836293112,7.906330871865071e-05,0.0036294834337957777
97,FAA2,mito,YER015W,0.0005693151092695831,0.2994761335743305,0.0456575697443819,0.33258549206770205
98,TOM70,mito,YNL121C,0.000569109813818878,0.04377852504156717,0.7627465972651986,1.0928334154365225
99,CPR3,mito,YML078W,0.0005647336693580951,0.2950953583269568,0.03748509107173048,0.30414949339340036
100,LAP3,mito,YNL239W,0.0005424049955756453,0.4683670458284568,0.0007871225389522922,0.0227169542887497
101,ATP20,core,YPR020W,0.0005378947373288128,0.47350639885834134,0.00067584716457811,0.0200991069813664
102,TIM11,core,YDR322C-A,0.0005287013767840728,0.9100672123232183,5.462621484699503e-20,7.784235615696793e-18
103,ABF2,mito,YMR072W,0.0005260426490317325,0.6670111821949121,1.2288670805460782e-07,8.941968969079972e-06
104,GUT1,mito,YHL032C,0.0005228504096954899,0.3779732072010802,0.009601781127936524,0.1379751741913568
105,DLD1,mito,YDL174C,0.000522761463773014,0.5158300999921772,0.000776516203919489,0.02260157802046513
106,RIP1,core,YEL024W,0.000515948837201982,0.34701720481610504,0.013550087709809347,0.1685138180638108
107,TUF1,mito,YOR187W,0.0005132768981512197,0.598380156930414,4.441684899667598e-06,0.0002531760392810531
108,BAT2,mito,YJR148W,0.0005124611445085647,0.3782184416452145,0.006765479741541285,0.11044363110296514
109,COX5B,core,YIL111W,0.0005118604042955309,0.5232122044908138,9.677715752445359e-05,0.004270682306240403
110,BAT1,mito,YHR208W,0.0005098938147489903,-0.01211513257006942,0.9348641985764199,1.1963463270837629
111,RDL1,mito,YOR285W,0.0005078078328565655,0.20100858775344943,0.16159459167392465,0.5802136519945641
112,PUT2,mito,YHR037W,0.0005016065395902979,0.20869575876865792,0.1458224454739387,0.5628812229355196
113,PDB1,core,YBR221C,0.0004830404270334751,0.42223364988410617,0.002255450430643676,0.050251729464504055
114,COX5A,core,YNL052W,0.0004816392397364977,0.5746971104246199,1.5711487087220214e-05,0.0008141406945195929
115,TIM9,mito,YEL020W-A,0.00048064534517596813,0.25692873707500163,0.0847643873974087,0.4415753311487247
116,YCP4,mito,YCR004C,0.00046780503502704595,0.4878110374667993,0.00032644996113248673,0.011450860175108764
117,ALD5,mito,YER073W,0.0004610770405662949,-0.060384795795056685,0.6769960183717751,1.037100283463145
118,ICL2,core,YPR006C,0.0004582700025200061,0.5565773038776843,7.177926251610741e-05,0.0033628092850011963
119,ODC1,core,YPL134C,0.0004539474214566135,0.42164285732143886,0.0035178465513661726,0.0689457604909588
120,AAC1,core,YMR056C,0.00044430341134788897,0.6914963300967876,2.022554393671136e-07,1.426213613681502e-05
121,GLN4,mito,YOR168W,0.0004383646493751218,-0.2607396246790223,0.06742168464752402,0.39927647012040196
122,SAR1,mito,YPL218W,0.00043490546133328464,0.08729039363154667,0.5552228051281788,0.9515720338453377
123,ATP15,core,YPL271W,0.0004342894897524705,0.1976813961090713,0.16879478650041724,0.5872616173259684
124,RIM1,mito,YCR028C-A,0.00043338266150903923,0.47476421077610464,0.0004947481618606302,0.015813445921152854
125,COX4,core,YGL187C,0.000419651529973354,0.6401013812173312,5.575464062452368e-07,3.738840606585706e-05
126,ARG7,mito,YMR062C,0.00041846890990595567,0.08862412740615064,0.5405224201471409,0.9412355788712942
127,STF1,core,YDL130W-A,0.0004160716873236602,0.7695953713968952,6.542820953633018e-11,7.45881588714164e-09
128,CCP1,mito,YKR066C,0.0004141599189338151,0.1610680291783603,0.26380996331087836,0.7166243641963495
129,GRX2,mito,YDR513W,0.00041124532181161276,0.15417119693128398,0.2954479037614126,0.7493005790612022
130,FMP52,mito,YER004W,0.00041114630590026474,0.6371050333991285,6.538842626736188e-07,4.300546496814954e-05
131,INH1,core,YDL181W,0.0004080846909722629,0.769595371396895,6.542820953633082e-11,7.3365402168607025e-09
132,YAT1,mito,YAR035W,0.00040698892396666533,0.5007557496106646,0.0004593903248240304,0.014892084463489897
133,STF2,core,YGR008C,0.00039731278228726956,0.769595371396895,6.542820953633082e-11,7.218208923040368e-09
134,VPS13,mito,YLL040C,0.0003928038692642405,-0.13401655820943578,0.35347678997848353,0.7804329384934885
135,PYC1,core,YGL062W,0.00038954755259506884,0.3287034994837985,0.01977069661489705,0.20933678768714525
136,OM14,core,YBR230C,0.0003859983142968859,0.5185530256495567,0.00018849650572881922,0.007452694214942911
137,MIC60,mito,YKR016W,0.00038528728476093515,0.38362207499993406,0.007111264582190134,0.11311872033065236
138,CYT1,core,YOR065W,0.00037886033499230225,0.3859586235051299,0.006163018656634164,0.1020703331994617
139,HYR1,mito,YIR037W,0.00037771044192178504,0.47575899584218084,0.0005503627960085424,0.017189413354787353
140,OLI1,core,Q0130,0.00037730004179765665,0.9100672123232182,5.46262148469965e-20,7.326339403008942e-18
141,ILV6,mito,YCL009C,0.00037719175104252486,0.5042359793071298,0.00018879584859226542,0.007421629910178709
142,PIM1,mito,YBL022C,0.00037714578956701855,-0.04131687282360463,0.7757309949637181,1.101515467210262
143,GCV1,mito,YDR019C,0.00037260452345906696,0.15135802198529502,0.2940618204427843,0.747170450159229
144,YHM2,core,YMR241W,0.00037191093324669627,0.2815628454224887,0.04760583731678035,0.33569477035750267
145,ATP18,core,YML081C-A,0.0003674386073282115,0.4423295690864159,0.001298536390238526,0.033900721027601215
146,ATP19,core,YOL077W-A,0.0003663804374696167,0.9100672123232182,5.46262148469965e-20,7.625373664356246e-18
147,DNM1,mito,YLL001W,0.0003647454415654887,0.21425924656560613,0.13514046473967714,0.5518571813847114
148,COX13,core,YGL191W,0.0003628417260351713,0.5002731431784854,0.0003425073553303885,0.01177261462542642
149,RAS2,mito,YNL098C,0.0003601174584011036,-0.03422672712184645,0.8134581048821965,1.1249602582681406
150,RIB4,mito,YOL143C,0.00035367332446094014,0.2878624003688394,0.0448888677969324,0.3308619135032517
151,ILV1,mito,YER086W,0.00035335574370418067,0.18032496125784236,0.2101540590299809,0.6492564425316484
152,HFD1,mito,YMR110C,0.0003528168829812309,0.4095550719550322,0.0038443137153103993,0.07283962829009177
153,AIM41,mito,YOR215C,0.0003499990617870448,0.5100934779255325,0.00018104456948366527,0.0071996793910945964
154,HTS1,mito,YPR033C,0.00034984702005173406,-0.259265652452206,0.07203335021003972,0.4112755554563203
155,NCP1,mito,YHR042W,0.0003413187571424334,-0.1963903892631069,0.1716504339183302,0.5926748955080154
156,MIS1,mito,YBR084W,0.00034081744069099925,-0.2437020572228197,0.08810726699799575,0.44940619408373667
157,ALO1,mito,YML086C,0.00033753147020828964,-0.055154554369190326,0.7036283697965491,1.054286538753208
158,GCV2,mito,YMR189W,0.00033367339956470607,-0.1306048451758214,0.3659752319246775,0.7926759298178576
159,TIM44,mito,YIL022W,0.0003310774406661813,0.07936225668824284,0.5837966222081041,0.9720469561595502
160,CTT1,mito,YGR088W,0.0003309946317866285,0.4173849198732077,0.003512587522918881,0.06904051338150904
161,CBR1,mito,YIL043C,0.00032953848566459447,0.018353029443728658,0.8993332190917347,1.1761834069956911
162,GGC1,mito,YDL198C,0.00032789582700250996,0.24130547175385936,0.09848113886819122,0.4727094665673179
163,PDX3,mito,YBR035C,0.00032516049865474777,0.2809984050518726,0.05303009710532763,0.35561359235337353
164,PHB1,mito,YGR132C,0.000324963090422312,0.5519604220616977,3.2498382294319356e-05,0.001634477462449591
165,GOR1,mito,YNL274C,0.000323788424684847,0.5457296934241678,4.152121953728435e-05,0.002073030230912591
166,TRX1,mito,YLR043C,0.0003194588098605036,-0.23687870157409782,0.09766378495699139,0.470768350321227
167,PRD1,mito,YCL057W,0.00031724939830320425,-0.16755010886492305,0.24481482358843365,0.6936758050310217
168,CRC1,mito,YOR100C,0.0003103506868396681,0.48627656345138526,0.000611730592202085,0.018763395742880096
169,AIM9,mito,YER080W,0.0003089740309666148,0.04196126242156746,0.7723260240253336,1.099648210727161
170,MDM38,mito,YOL027C,0.00030661600529676656,0.06529976653615263,0.6523198411374964,1.0224261488039588
171,ATP17,core,YDR377W,0.00030607651758388777,0.3758828899474016,0.0071430367433281345,0.11336049031175044
172,CIT3,core,YPR001W,0.00030584130565222266,0.44008981287995036,0.0027953949781568863,0.059751567658103445
173,GDB1,mito,YPR184W,0.00029708672792330557,0.13690178292170382,0.34824447487398347,0.7779203814951166
174,GCS1,mito,YDL226C,0.00029628452162296337,-0.3160990697929642,0.025331679315347348,0.2413212904136154
175,PDX1,mito,YGR193C,0.0002893682328097219,0.06774034876660173,0.6473304582896094,1.0185738060043543
176,CIR2,mito,YOR356W,0.0002889420128422492,0.14689062638925712,0.3087076920019843,0.7667249866715948
177,MDJ1,mito,YFL016C,0.00028853415805397996,0.04842622317498694,0.7384095741082324,1.077142564917959
178,QCR9,core,YGR183C,0.00028834651183496285,0.7062438765097198,1.0056152344629282e-08,9.171210938301906e-07
179,MEF1,mito,YLR069C,0.0002857033857141011,0.24633033634412685,0.08462732439325181,0.4411973314404286
180,ATP8,core,Q0080,0.0002832144750317492,0.9100672123232182,5.46262148469965e-20,7.472866191069121e-18
181,VPH1,core,YOR270C,0.0002823673375442577,-0.2317225892823749,0.10540270105716083,0.48516451899796775
182,ACO2,mito,YJL200C,0.0002800654688061758,-0.23170629358486178,0.1054278850172888,0.48462818112785977
183,HEM15,mito,YOR176W,0.00027850399278434756,0.04872160656447995,0.7368711032021701,1.0771956285323452
184,CYM1,mito,YDR430C,0.00027649758558372995,-0.015801566790838772,0.9132702180098135,1.181757149297602
185,YMR31,core,YFR049W,0.0002763808077128482,0.5075813189220922,0.00019718248348206893,0.007663228335325861
186,TIM50,mito,YPL063W,0.00027614002857848373,-0.08468396097344083,0.5587410965251378,0.9523521306334269
187,SMC3,mito,YJL074C,0.0002674639930675345,0.10928954722480479,0.4499400546573563,0.8708517186916573
188,SPT5,mito,YML010W,0.00026648362428977003,-0.2551624380989566,0.07371657613445848,0.4160242415509043
189,PHB2,mito,YGR231C,0.0002663250065970533,0.4275243551626331,0.002184157099487758,0.04898240839506971
190,COX8,core,YLR395C,0.00026531356579291576,0.523212204490814,9.677715752445286e-05,0.004326508218740245
191,YSA1,mito,YBR111C,0.00026050499753844285,-0.0790519869936015,0.5852729185407898,0.9728473299681657
192,AIM17,mito,YHL021C,0.000258845390512349,0.27350791246050427,0.054618389475394304,0.3623567255205597
193,YME1,mito,YPR024W,0.00025494161226674816,-0.06479952811082741,0.6548151196865465,1.0249280134224206
194,AIM45,mito,YPR004C,0.00025490373382970166,0.009351024712458595,0.9486113719233911,1.2058170942122273
195,IDP3,core,YNL009W,0.00025480667797248496,0.4446341810001002,0.0019622795475238665,0.045344567922510966
196,SHE10,mito,YGL228W,0.00025302653996340586,0.0012979115098918513,0.9930144824872326,1.229583464919021
197,COX12,core,YLR038C,0.0002524627808718624,0.44197626242335836,0.00210362483549139,0.047803301909505345
198,FMP40,mito,YPL222W,0.0002513698663532583,0.24393930682959813,0.10231539176205474,0.48032757697491724
199,GCV3,mito,YAL044C,0.00024660623121227455,-0.057762109288270753,0.6903042975414969,1.045313569887943
200,YME2,mito,YMR302C,0.00024328452453244292,0.09997015512270122,0.5037611070847194,0.9108448248637274
201,TRX3,mito,YCR083W,0.00024191286740678718,0.4162370478193341,0.00325500164384803,0.06587044746722048
202,TIM13,mito,YGR181W,0.0002412557651386416,0.21414961209931846,0.14385645000610406,0.5606712923314825
203,MGM1,mito,YOR211C,0.00024110039117271155,0.020023789807586657,0.8925442821496951,1.173587637428665
204,YPT7,mito,YML001W,0.0002396511512019199,-0.06378852893949336,0.6598695545507456,1.02696422141686
205,COX17,core,YLL009C,0.00023952865370904846,0.5232122044908138,9.677715752445359e-05,0.004189593401691535
206,RPN11,mito,YFR004W,0.00023753514455756867,-0.07619567524964219,0.5989417215915267,0.9824367807400582
207,CIR1,mito,YGR207C,0.00023543675805148232,0.14835313977512063,0.30386246317231574,0.7579938906267834
208,ISM1,mito,YPL040C,0.0002353481760030971,0.5224971986978966,0.00016496473898010885,0.006637404791905556
209,MIX17,mito,YMR002W,0.00023493074588841766,-0.1594122912385461,0.3390778573925748,0.7662016995590393
210,PRE6,mito,YOL038W,0.00023479484616939096,0.1640641235796909,0.2549113080345075,0.7087777833154599
211,MIC10,mito,YCL057C-A,0.0002342925488282364,0.33044989831874605,0.023293127288169704,0.2302384257963595
212,MSS51,mito,YLR203C,0.00023376637845594326,0.10074120189124065,0.4909874874170914,0.9020559801055346
213,RIB3,mito,YDR487C,0.0002317065739712944,0.06273736937708331,0.6651407545118821,1.0302451904124261
214,MAE1,mito,YKL029C,0.00023010832718629862,-0.1169144070917685,0.4187577343917651,0.8446779425655185
215,MNP1,mito,YGL068W,0.00022673170986232849,0.005956554252386521,0.9672526719139399,1.2172968308907728
216,MRPL19,mito,YNL185C,0.00022088212923766106,0.20804069051379637,0.1471202331753965,0.558126674941604
217,VPS21,mito,YOR089C,0.0002206737386195681,-0.09832883212903466,0.49691415334097433,0.9061297810856477
218,ARC18,mito,YLR370C,0.0002148090469414992,-0.09547416569374394,0.5095502678447625,0.9126273453936046
219,MGM101,mito,YJR144W,0.000210476224244517,0.045704024167057725,0.7577313598782727,1.091362918839205
220,YTA12,mito,YMR089C,0.000209776113022599,-0.010268708261618029,0.9435760198618299,1.2018733660809902
221,MIA40,mito,YKL195W,0.00020815427215276931,0.16048000018661823,0.270671183186693,0.7231995675769454
222,MGE1,mito,YOR232W,0.00020805274921475278,0.24501459567424613,0.08635570735627364,0.44579097231465037
223,ARC15,mito,YIL062C,0.00020737305998904377,-0.07351864674578837,0.6156496058295109,0.995048039667735
224,FMP46,mito,YKR049C,0.00020667409877133625,0.23372385809671417,0.11383897476977707,0.5033345749355367
225,COX7,core,YMR256C,0.00020651432702222772,0.5232122044908138,9.677715752445359e-05,0.004243306137610657
226,TMA10,mito,YLR327C,0.00020629138308139513,0.3129199774078508,0.0524250788289581,0.35294049132881233
227,TRM1,mito,YDR120C,0.00020476584733590276,-0.14239356270193287,0.32906022356344267,0.7583463373227587
228,DLD2,mito,YDL178W,0.000202131546379221,0.06194709988705163,0.6691142811652524,1.0314946322222958
229,LCB2,mito,YDR062W,0.00020149862497647486,-0.11489431200414216,0.4268967608705614,0.8505603974234314
230,MIC19,mito,YFR011C,0.0002006086266929575,0.14602402325174396,0.3116019096634591,0.7694429827068808
231,NAM9,mito,YNL137C,0.00020011673024521192,0.08658338261432703,0.549922501236414,0.9479510858006733
232,ARG3,mito,YJL088W,0.00019964648972566252,0.25334730304788006,0.07586275998006652,0.42084450791861716
233,ISD11,mito,YER048W-A,0.00019900180087599118,0.0060696026918712394,0.9666315136283293,1.216962921630365
234,MRP1,mito,YDR347W,0.0001966028065515775,0.024725467583982436,0.8646646324768701,1.1578516221890742
235,MAS2,mito,YHR024C,0.0001965688978745937,-0.009898335306946119,0.9456080135825211,1.2037890960179498
236,PUF3,mito,YLL013C,0.00019652286652975564,-0.09517718446920133,0.515356131397382,0.9179781090515867
237,NFS1,mito,YCL017C,0.00019422519174884086,0.19195433933179826,0.18172946161351208,0.6051750328317539
238,TIM10,mito,YHR005C-A,0.00019216048780007098,0.021723464186669813,0.8834836507488691,1.1686382075270287
239,RSM27,mito,YGR215W,0.00019212645066714627,-0.03553939385803066,0.8064388664427704,1.120691151253261
240,YJU3,mito,YKL094W,0.00019207485809531765,-0.017594144640201093,0.9034755699793282,1.1786711612928868
241,NFU1,mito,YKL040C,0.00019044230175291587,-0.011495875060449552,0.9368459703421808,1.1970906850626781
242,TOM40,mito,YMR203W,0.00018934579510610056,0.30727971608118887,0.03363036888392417,0.28753965395755166
243,RSM23,mito,YGL129C,0.0001866646000339836,0.06787765432748095,0.6395210436428767,1.0137483055659968
244,TUM1,mito,YOR251C,0.00018607557267549048,-0.017527042823681234,0.905878262370398,1.1804548132241421
245,DIS3,mito,YOL021C,0.00018365397925023302,-0.17986201026373078,0.2604748849409366,0.7135155038029662
246,UGA2,mito,YBR006W,0.00018066090078172175,0.13165837365060168,0.3723911089181412,0.797231669796584
247,MRPL13,mito,YKR006C,0.000180636653539742,-0.05391424777827003,0.7099974387006317,1.059189199719154
248,ALT1,mito,YLR089C,0.00017990815333405072,-0.03073619425368585,0.8357113008314953,1.1393791703582674
249,CYR1,mito,YJL005W,0.00017688279961721308,-0.08964109290672113,0.5401911150011921,0.9411378570066617
250,AFG3,mito,YER017C,0.0001757335920451989,0.043322756942486905,0.7651458686796044,1.0942081835183974
251,MRPS16,mito,YPL013C,0.00017508340804487445,0.010734838878497476,0.9416421363979544,1.2003041768471874
252,UTP10,mito,YJL109C,0.0001739372006913982,-0.2941254214316905,0.03814595564995828,0.3048111409412554
253,SDH3,core,YKL141W,0.00017331937871265814,0.5367507222910541,8.393464656369988e-05,0.0038020727317596504
254,SMC1,mito,YFL008W,0.00017294671997293538,-0.11039896313224208,0.45015560885659933,0.8710224510832077
255,EHD3,mito,YDR036C,0.00017090375224431892,0.1862425801362635,0.20009281588335237,0.6353922287103668
256,COQ5,core,YML110C,0.00017048924284667245,-0.03202895002455042,0.8252425861557888,1.131194246353827
257,GRX5,mito,YPL059W,0.0001681013776089378,0.006273851016151781,0.9655092965361969,1.2168939724170973
258,YIM1,mito,YMR152W,0.0001679361932788489,-0.07479889666081896,0.6056765719890587,0.989450143875128
259,AIM10,mito,YER087W,0.00016576798797390078,0.06324277099881184,0.6727923518403687,1.033902423407801
260,LYS4,mito,YDR234W,0.0001652095267672864,-0.03939267148400483,0.7859231609437067,1.1081662380653379
261,GPD2,core,YOL059W,0.00016432469740964724,-0.1431579185635183,0.3212968663190065,0.7503142934865158
262,MSS116,mito,YDR194C,0.0001641740070954431,-0.1460025686826574,0.31167378109473415,0.7693427147917653
263,RDL2,mito,YOR286W,0.00016189171393915126,-0.07708399535075672,0.6319186092557041,1.008945678643561
264,MSC6,mito,YOR354C,0.00016181825382707634,0.01523933093391412,0.9163449746185668,1.1828268779752777
265,CDC28,mito,YBR160W,0.0001584390071399212,0.04740092356869685,0.7437575716878879,1.0801065372282703
266,CBP6,core,YBR120C,0.00015730936795837046,0.258250247050218,0.07017632091531471,0.4057531995441696
267,MRPS8,mito,YMR158W,0.0001571908330244457,0.0374916035427721,0.8024356222351487,1.1187647077228735
268,CYC7,mito,YEL039C,0.00015618650875085546,0.08116644239880742,0.5834030272026096,0.9718647603667437
269,CBF1,mito,YJR060W,0.00015494523802337307,-0.22545300273776975,0.11933785844940865,0.5159740529671019
270,IFM1,mito,YOL023W,0.00015378304255978014,0.2526832355628707,0.07983048951417367,0.429953187619644
271,SSQ1,mito,YLR369W,0.00015360315027519876,0.023997161461868182,0.8686154101457473,1.1595100322788663
272,OXA1,mito,YER154W,0.00015310795499102792,-0.04191440710653731,0.7772832449289175,1.102803857148682
273,MRPS17,mito,YMR188C,0.0001524257265324095,-0.025317177167102096,0.8614572436102353,1.155592772365956
274,MET7,mito,YOR241W,0.00015230747256969834,-0.06751013406821273,0.6413394950604783,1.014280265020502
275,FMP27,mito,YLR454W,0.00014974068281648035,-0.08852667589356625,0.5540318087383791,0.9516769391688882
276,MRPL1,mito,YDR116C,0.0001482257577009834,0.02297566547449608,0.874161964417493,1.1628292175448565
277,MAS1,mito,YLR163C,0.00014820514267111016,0.07841234628283751,0.5883216845249919,0.975307882246957
278,AIM24,mito,YJR080C,0.00014689982372383372,0.20446370662037108,0.15876548788329978,0.5745798609109897
279,HEM1,mito,YDR232W,0.0001466653462493884,-0.23645205481095155,0.09828696330866198,0.4724404982651075
280,PUT1,mito,YLR142W,0.0001465787813858682,0.26930255847698475,0.09734487578579272,0.4708903467997328
281,NIF3,mito,YGL221C,0.0001460201514320619,-0.04726362894324917,0.7444746209927215,1.0804596663675399
282,PAM16,mito,YJL104W,0.00014544926027879024,0.009555619731514479,0.9474885749703348,1.2050617056149293
283,COA6,mito,YMR244C-A,0.00014543187030319354,0.036413904309798746,0.8017709157406269,1.1192067476869159
284,SDH4,core,YDR178W,0.00014493029001865596,0.4109451890045771,0.0037145264279915212,0.07157003033087889
285,MRPS35,mito,YGR165W,0.00014411044866464374,0.0011131247513800117,0.9938787712750838,1.2295407479691758
286,PTC7,mito,YHR076W,0.00014367640346594582,-0.07012807481269968,0.6357579012601497,1.0112986150277732
287,OSM1,mito,YJR051W,0.000143534285466744,-0.10018248992417132,0.4980911250837581,0.9061019403119429
288,CCS1,mito,YMR038C,0.00014241367169858616,-0.39102991087412303,0.004987916308102486,0.0881585207943695
289,RPO41,mito,YFL036W,0.0001421857977488995,-0.2540426766024105,0.07816808644846178,0.42603164247607855
290,NAM2,mito,YLR382C,0.0001421786270092744,-0.015732579955237996,0.915477752049068,1.1819305066092158
291,IRA2,mito,YOL081W,0.0001418131398520164,-0.02805810338041531,0.8498535404504954,1.1476798058600965
292,DLD3,mito,YEL071W,0.0001416269605849521,-0.3870522923800888,0.005489971386536961,0.09435026201988145
293,UIP4,mito,YPL186C,0.00014114541365284163,0.13102921523173258,0.39092348659566134,0.8192146594100256
294,YML6,mito,YML025C,0.00014111686603939308,0.13138066996035708,0.3631098898272588,0.7909782313434555
295,FIS1,mito,YIL065C,0.00014035224930749053,0.2385306926723675,0.09527961594986128,0.4671774717541585
296,CBP3,mito,YPL215W,0.0001400907780094944,0.056556581984558874,0.6964530392380837,1.0495128416806547
297,MRPL40,mito,YPL173W,0.00013966297125693944,0.1263113265159829,0.39228731574427,0.8195617714388537
298,FSF1,mito,YOR271C,0.00013896155456243452,0.08708377109587359,0.5476104118022941,0.9468289223275256
299,AIM19,mito,YIL087C,0.0001384958483805966,0.09941578956415316,0.5640235065870083,0.9573004429417212
300,MRPL3,mito,YMR024W,0.00013814082416684,-0.0005655963231328769,0.9968896847794453,1.2305947381143125
301,PBP1,mito,YGR178C,0.00013677060925834693,-0.26954229572194005,0.06107981624772147,0.3811915539547581
302,ATP11,mito,YNL315C,0.0001366979409580823,-0.006178288520415103,0.9660343447161144,1.2168830419628403
303,RSM28,mito,YDR494W,0.00013633742466767908,0.08808712843196712,0.5560089628734333,0.9522036319615131
304,UTH1,mito,YKR042W,0.00013446924840832173,0.022590483493735596,0.8929105646349726,1.172716640188789
305,ATG27,mito,YJL178C,0.00013423079911175845,-0.14382556358322565,0.3190216117989723,0.7732486976275587
306,RSM7,mito,YJR113C,0.00013413259571960306,0.16508376818382975,0.25698207347689417,0.7107793702312802
307,MCX1,mito,YBR227C,0.00013404840351079805,-0.15234542687170813,0.29088665409369396,0.745471979768028
308,COX15,core,YER141W,0.00013403463921403183,0.05578989504374326,0.7033929010377215,1.054164645726997
309,CMC2,mito,YBL059C-A,0.00013402383956736145,-0.028523935692839605,0.8473901229786407,1.1459368211099055
310,ARG8,mito,YOL140W,0.0001335521351575472,0.05322440048622338,0.7135483988227145,1.0605543346256772
311,ODC2,core,YOR222W,0.00013317495747532768,-0.038530770933379394,0.7948569657367963,1.115016744388779
312,LEU9,mito,YOR108W,0.0001330428108474299,-0.3485122357803445,0.01312607166505006,0.16719242120845887
313,TIM54,mito,YJL054W,0.00013221783112042924,-0.07462906310848919,0.6103113393429244,0.9911038844030395
314,MRPL10,mito,YNL284C,0.00013213556148727423,-0.02540733169153716,0.8609687497289014,1.1553906706191261
315,SLT2,mito,YHR030C,0.00013196323892904015,-0.03569948898773129,0.8055838081071118,1.1206412949873183
316,MRX9,mito,YDL027C,0.00013162008512690126,0.04615449994887187,0.7633674591698523,1.093264954087477
317,MRPL8,mito,YJL063C,0.0001314054971890017,0.10028978441266774,0.4883287156731472,0.9015299366273486
318,BOL1,mito,YAL044W-A,0.00013102786940274145,0.21787311673961793,0.14124224908188654,0.5594076338854105
319,COX20,mito,YDR231C,0.00013068927323434424,0.06011336262148187,0.6783689124611867,1.0382732963156225
320,MRP7,mito,YNL005C,0.0001292663733282431,-0.024578836184196113,0.8668700193949118,1.15808416653539
321,YLH47,mito,YPR125W,0.00012918140447030785,-0.09455770751537373,0.513641203615053,0.9163551989376533
322,QCR8,core,YJL166W,0.00012882353414380628,0.2454115085547473,0.08919982776000557,0.45194579398402823
323,MPM1,mito,YJL066C,0.00012813489534416552,0.29691827204907917,0.04042731657007518,0.3121025342430183
324,MDL2,mito,YPL270W,0.00012813303242798193,0.050215025940722115,0.7291085357285172,1.0713431545398622
325,MRPS18,mito,YNL306W,0.0001278363310891336,0.0733454901481767,0.6164838329511397,0.9954554809692625
326,AIM46,mito,YHR199C,0.00012772796485049155,-0.028845151359822446,0.8456923062160459,1.145452549409456
327,RPM2,mito,YML091C,0.00012759140739833507,-0.07834478757142814,0.5925947623313335,0.9788331741961653
328,MRPL28,mito,YDR462W,0.00012736427705161587,0.17755151055552937,0.23780943866463777,0.6834523363303036
329,HFA1,mito,YMR207C,0.0001272043873752784,0.09302781521156218,0.5785442282875399,0.9668317912256958
330,FMP10,mito,YER182W,0.0001268827314913704,0.11995502504553283,0.42189854367290913,0.8477632311171264
331,DIC1,mito,YLR348C,0.00012515215692437644,0.1674686458957608,0.25523326240164995,0.7088085728084798
332,APN1,mito,YKL114C,0.00012494285127129633,-0.2711437472298852,0.062306169650889615,0.3853292951284674
333,TOM20,mito,YGR082W,0.00012430368618588842,-0.1629820828940365,0.2631725247916357,0.7157455545028979
334,MOT1,mito,YPL082C,0.0001240585569044087,-0.20141195833629802,0.1652113429412684,0.5818978299270217
335,MRPL33,mito,YMR286W,0.00012349266258461733,0.06684379490333324,0.6516973424443109,1.0221531351339341
336,OAC1,mito,YKL120W,0.00012304103527118856,-0.22365388224164223,0.11844758718819588,0.515054988154647
337,MZM1,mito,YDR493W,0.00012279501621133594,0.20820453673425443,0.160203672644646,0.577340948835289
338,BIO2,mito,YGR286C,0.00012251886149468742,-0.10567338305558804,0.4796066453905229,0.8933849276882289
339,MPC3,core,YGR243W,0.00012218866195038775,0.4826748807718784,0.008002438586493453,0.12056537429871195
340,MRP4,mito,YHL004W,0.00012207329756465008,0.047321346898118365,0.7441731509794077,1.0802513481959144
341,PET191,mito,YJR034W,0.0001217251778883674,-0.08782832631622808,0.5571746495306019,0.953006902422935
342,COQ11,mito,YLR290C,0.00012125259390129301,-0.04370402451239005,0.7631386355039932,1.0931661291826835
343,TIM23,mito,YNR017W,0.00012065988977289867,0.16663526624218636,0.24743778559731278,0.6973524736240706
344,MAD1,mito,YGL086W,0.00012044245575424918,-0.017784985241237467,0.9121188550316408,1.1816085167455348
345,GLO4,mito,YOR040W,0.0001202536194677068,0.15714606907930173,0.30257546116841416,0.7569920096532381
346,COX1,core,Q0045,0.00011993478258645485,0.5210634252297152,0.00017319101356622275,0.006927640542648909
347,TOM71,mito,YHR117W,0.00011907505113355253,-0.18947916742027465,0.1875346334985757,0.6137497096317022
348,CDC9,mito,YDL164C,0.00011904755780372609,-0.18880134500877158,0.2088948499406541,0.647706606343642
349,TFC3,mito,YAL001C,0.00011902274088995431,-0.09895478719331309,0.5081255075549133,0.9127044305870815
350,IMG1,mito,YCR046C,0.00011858926746464604,-0.003029261148387448,0.9835189106557374,1.2244756732590543
351,MRPS28,mito,YDR337W,0.00011825020245164438,-0.03501718391425201,0.8172893203839051,1.126160143317065
352,MRPL20,mito,YKR085C,0.00011781625784603299,0.05490773582733938,0.7078725529953671,1.057633958603825
353,BNA3,mito,YJL060W,0.00011750680515838144,-0.22862287385389068,0.11027685171975977,0.496245832738919
354,FZO1,mito,YBR179C,0.00011471238341810968,-0.07887234534712059,0.5941229722205765,0.978757497588811
355,RSM19,mito,YNR037C,0.00011450711283715331,0.13280620664868595,0.37893882690040015,0.8052008623792286
356,TOM22,mito,YNL131W,0.00011327556587326853,-0.06585130836401269,0.6565449919839987,1.0245876671618872
357,RMD9,mito,YGL107C,0.00011311974908417942,-0.06242183019924738,0.6667262215594929,1.030600532308911
358,YMC1,mito,YPR058W,0.00011229460144528342,0.23645263533437322,0.10565250717409361,0.48500882487973174
359,TCD2,mito,YKL027W,0.00011137247693291442,-0.020709569400738585,0.8864875126261733,1.1703483085047337
360,CYC3,mito,YAL039C,0.00010986131051852776,0.1984120851624754,0.17641088041407046,0.5967608417567962
361,MTF2,mito,YDL044C,0.00010981374344809729,0.03701843675559835,0.8027448712632281,1.1187397961370171
362,MIC26,mito,YGR235C,0.00010971683717318278,0.11219259628287345,0.4379203292301772,0.8607399574524173
363,VAR1,mito,Q0140,0.00010859722774918493,-0.06744895397993066,0.65237243358237,1.0222743289125797
364,HEM14,mito,YER014W,0.00010834780493755914,-0.00157983385946093,0.9914042777155727,1.2287018045976656
365,RSM24,mito,YDR175C,0.00010796531788855601,0.03674127500826692,0.8000252323243412,1.1185961956456447
366,TOM5,mito,YPR133W-A,0.00010795659274528869,0.020152883398046058,0.8930432506447659,1.172665738992167
367,NUC1,mito,YJL208C,0.00010783053371371139,-0.11411190835944938,0.4399495378064735,0.8622506700848936
368,ERV1,mito,YGR029W,0.00010760490438034438,0.09582912517102685,0.5311867906620202,0.933055379591222
369,RSM25,mito,YIL093C,0.00010757147162371838,0.023549278374163457,0.8710465866128975,1.1609428395230357
370,MRPS12,mito,YNR036C,0.00010655101498273194,-0.08258914690956519,0.589640292536801,0.9763107240260757
371,RSM18,mito,YER050C,0.0001065301021057424,-0.004606001076196525,0.9790500081838915,1.2220259226236896
372,MRP13,mito,YGR084C,0.00010597346264372564,0.08520444115573961,0.5563180180030164,0.95225606685201
373,BNA4,mito,YBL098W,0.00010551446069022457,-0.009280287536718699,0.9500832763020751,1.2065669531946144
374,RRF1,mito,YHR038W,0.00010523287469892424,0.1371659933397849,0.35254288745327766,0.7796292758423599
375,MRPL35,mito,YDR322W,0.00010459597462195477,0.059848934744943814,0.6797073690493243,1.039391550256512
376,MRPL6,mito,YHR147C,0.00010445955347511625,0.08982639817371986,0.53502118680418,0.9364239809981042
377,MRPS5,mito,YBR251W,0.00010400102526451571,0.019039217354140266,0.8955899639218706,1.1748821160770224
378,CCA1,mito,YER168C,0.00010362144839304042,-0.2851773924389194,0.047015078353756,0.33568177029195306
379,MDV1,mito,YJL112W,0.00010335918687881273,0.08116895988810444,0.5752336958534305,0.963889877422211
380,MRP51,mito,YPL118W,0.00010309849341826508,0.037642740229776935,0.7952232479352278,1.1153018281478282
381,PSP1,mito,YDR505C,0.00010293186943025652,-0.08652324902950316,0.5587174162853876,0.9525491344446788
382,GPX2,mito,YBR244W,0.00010246891478166826,-0.5188904067249138,0.0006025306551408397,0.018564458023258304
383,GEP4,mito,YHR100C,0.00010220041794052808,0.09560734423297083,0.5626089549198041,0.9563233726768041
384,CMC1,mito,YKL137W,0.00010186029097522839,-0.04103209383238973,0.7842057555284933,1.107571209542617
385,ATP12,mito,YJL180C,0.0001008324200466301,0.0872482900710818,0.555414333389233,0.9516618337631145
386,MRPL17,mito,YNL252C,0.0001000223312064707,0.006028672614746637,0.9675611965551038,1.2172371867641916
387,REX2,mito,YLR059C,9.886347867675216e-05,-0.1100889073348881,0.45143684638491954,0.8715292207939175
388,COQ9,mito,YLR201C,9.876669686006628e-05,0.1686535349446749,0.24669317234298535,0.6972649995148842
389,MRPL44,mito,YMR225C,9.873871617014703e-05,-0.0683488832335001,0.6480353825205567,1.018745579508299
390,ISU1,mito,YPL135W,9.871194705237767e-05,-0.09988865449484881,0.49468207932088626,0.9054389677695643
391,COT1,mito,YOR316C,9.871110472835851e-05,0.03727847766661382,0.8013871640255487,1.1191278484962746
392,PSD1,mito,YNL169C,9.833144807957868e-05,0.08461198494344038,0.5717566822002026,0.960888379913854
393,FMP41,mito,YNL168C,9.78670333012944e-05,-0.06683701954829206,0.6446753973189748,1.0169694920806707
394,VHC1,mito,YBR235W,9.759467977733112e-05,-0.06393497321216961,0.7194265919672057,1.063973597633662
395,TIM21,mito,YGR033C,9.74306436688731e-05,0.0457434274776661,0.7549635698282642,1.0896709891591743
396,OMS1,mito,YDR316W,9.734398642302457e-05,0.04199168863803675,0.7792840381040087,1.1044970618796974
397,CHO1,mito,YER026C,9.730077073433446e-05,0.04007441561326931,0.8219622500325762,1.1300948322055921
398,COQ1,core,YBR003W,9.65927251505903e-05,-0.11524092452395666,0.4254939381335817,0.8497455581996202
399,MRPL24,mito,YMR193W,9.627560575238346e-05,0.026547113617083985,0.8547974484507679,1.1504947948451894
400,SAM50,mito,YNL026W,9.58718662937844e-05,-0.07529451440942149,0.6110129990930075,0.991772404792637
401,MHR1,mito,YDR296W,9.531695791438505e-05,-0.05720674539313584,0.6931344782362449,1.0477436090908099
402,ATP10,mito,YLR393W,9.525161920817203e-05,0.06609159167199645,0.6625491096441483,1.0292609379890925
403,MRPL37,mito,YBR268W,9.513292580553886e-05,-0.1135195858518071,0.4797588469226002,0.8934251328479677
404,PET117,mito,YER058W,9.501285063684155e-05,0.020974184948385086,0.9019364569637485,1.177112262093501
405,MSP1,mito,YGR028W,9.461871356360861e-05,0.08812439481363107,0.5514353949379648,0.948407870599869
406,PAM17,mito,YKR065C,9.459743510094062e-05,-0.028885700187778664,0.8421625537602785,1.1431617121889868
407,ZRC1,mito,YMR243C,9.445265157670768e-05,-0.17390390613406737,0.2423814384620503,0.6902119230143314
408,MGR3,mito,YMR115W,9.422497026142083e-05,-0.06405731907912013,0.6688191133637714,1.0315045626625021
409,FMN1,mito,YDR236C,9.367196171454686e-05,-0.08440637697173493,0.5726947820357184,0.9617560297383536
410,LCB1,mito,YMR296C,9.319785240687368e-05,-0.2828202185323465,0.046580466021405684,0.3343235966279275
411,MRP20,mito,YDR405W,9.279980663165576e-05,0.002989444503263735,0.9835615966067778,1.2243059728462893
412,JSN1,mito,YJR091C,9.258817907565243e-05,-0.07403306268095183,0.6131741093606287,0.9924540719419545
413,MIC12,mito,YBR262C,9.25765144220202e-05,0.05649922912988317,0.7028880076553575,1.0538697878918555
414,SYH1,mito,YPL105C,9.218484642388462e-05,-0.19403303644239506,0.18158045225675506,0.6052681741891835
415,OMA1,mito,YKR087C,9.053368404938163e-05,-0.009976234284556212,0.9487541835171713,1.2057745476137962
416,PIC2,core,YER053C,9.04481553039295e-05,0.1134960026936525,0.4374677577188516,0.8603448714194782
417,MRPL38,mito,YKL170W,9.037936919429606e-05,0.32059428007518737,0.026310628045577503,0.24720425251614025
418,MIC27,mito,YNL100W,9.020779005922164e-05,0.2295826750657534,0.108749535272351,0.49163702661128933
419,PGC1,mito,YPL206C,9.00520089868955e-05,-0.10170181770132507,0.4963621809904012,0.9060894897182664
420,MST1,mito,YKL194C,8.940023284821001e-05,-0.13549676499567098,0.3638237470795649,0.791524945936458
421,NCA2,mito,YPR155C,8.932690876440741e-05,0.07240327293930827,0.6286404504374774,1.005824720699964
422,SDH6,mito,YDR379C-A,8.914665517164391e-05,0.029630872999299174,0.863792592176851,1.1573636298706487
423,MRPL4,mito,YLR439W,8.909540946056937e-05,0.3646009706499612,0.009235942073919435,0.134412433586402
424,MRPL22,mito,YNL177C,8.886433363321952e-05,0.11894657662075152,0.4106600179714047,0.8367335486816825
425,MSD1,mito,YPL104W,8.880562423183671e-05,0.05039071917173809,0.7365898187561608,1.0772448920872653
426,RML2,mito,YEL050C,8.877195359690877e-05,-0.02259369407493282,0.8788502502064003,1.1658913327020517
427,MRPL15,mito,YLR312W-A,8.866625566719863e-05,0.03450893321970139,0.8119478159702038,1.1240079055325227
428,JAC1,mito,YGL018C,8.834396461807895e-05,-0.07560481350123434,0.6428850673774977,1.0160198384616645
429,MRPL11,mito,YDL202W,8.795369713728108e-05,-0.01395745911005883,0.9233597403880123,1.1876232839890943
430,IMG2,mito,YCR071C,8.770573901031058e-05,0.00992612756529864,0.9460317794171182,1.2038804411559236
431,RAD27,mito,YKL113C,8.713745335688288e-05,-0.21333780620184764,0.13686796257737105,0.5523167339405416
432,MTO1,mito,YGL236C,8.713607271077226e-05,0.0626912416476669,0.6789482877705323,1.038927581286452
433,POS5,mito,YPL188W,8.670615399435318e-05,0.24878405247999627,0.08817268637653665,0.44873599316630264
434,MEF2,mito,YJL102W,8.604755493295629e-05,0.15023687829802307,0.3080919057026933,0.7660300381702735
435,MIX14,mito,YDR031W,8.592930340413799e-05,0.2443769827215847,0.10988895379105704,0.49515180759606725
436,DIM1,mito,YPL266W,8.565725795310619e-05,-0.45694939431229764,0.003452043162581008,0.06824270298281529
437,MRPL50,mito,YNR022C,8.517168384807252e-05,-0.015702525099420998,0.9138117674888591,1.181563797660453
438,CTP1,mito,YBR291C,8.487594570217619e-05,0.13829385978003444,0.33818163272389745,0.765440889421396
439,MRPL49,mito,YJL096W,8.483744516322107e-05,0.0017676998124208755,0.9912483714146931,1.2289539351960306
440,ESBP6,mito,YNL125C,8.450504609743287e-05,-0.0025666500918712534,0.9883249349518091,1.226663501192229
441,ACP1,core,YKL192C,8.436893959469777e-05,-0.20687948730449657,0.14944173258202312,0.5591802247598677
442,IRR1,mito,YIL026C,8.421418164921126e-05,-0.16034219849720774,0.27630239902428166,0.7302582725371277
443,RNA14,mito,YMR061W,8.404024365094584e-05,-0.19987614198161321,0.1640195946739772,0.5821972120238734
444,PPX1,mito,YHR201C,8.368406732300124e-05,-0.21506695817972557,0.1336396460825318,0.547690341045247
445,PET123,mito,YOR158W,8.359834645884292e-05,-0.039719964883863604,0.7841869824956312,1.1077734325217095
446,PTC5,mito,YOR090C,8.347823558913588e-05,-0.04902208097818128,0.7434973455176188,1.0801873074215191
447,ATM1,mito,YMR301C,8.322431856399566e-05,-0.010751266133506838,0.941552987444927,1.2004142468076981
448,FMP25,mito,YLR077W,8.318347229520167e-05,0.04100776673342507,0.7843306374408378,1.107518901753784
449,MSY1,mito,YPL097W,8.310568974556241e-05,0.02361038310038614,0.8720709656042078,1.1616290953715251
450,MRX3,mito,YBL095W,8.259340808468195e-05,0.11941931315255351,0.48785937103088883,0.9018805669868323
451,AEP2,mito,YMR282C,8.226030254227132e-05,0.022180370870045346,0.8836747333449708,1.1682132153226905
452,AGC1,mito,YPR021C,8.207214752541441e-05,-0.023665870302123478,0.8745370318206677,1.1631019439341563
453,TIM17,mito,YJL143W,8.183123722479039e-05,-0.07597662455477561,0.6038598696598564,0.9871896530768206
454,FMP33,mito,YJL161W,8.094628365828178e-05,0.14266637936484391,0.41360424185794586,0.8392325761816523
455,AIM18,mito,YHR198C,8.083439158557427e-05,0.07279931119775249,0.6229125379127989,0.999934700615711
456,MRPS9,mito,YBR146W,8.058542593116133e-05,0.1263996193106997,0.3919538054204754,0.8196160284549225
457,MRP49,mito,YKL167C,8.044058568246067e-05,-0.04759692809027582,0.7427342708168212,1.079766718892042
458,IMO32,mito,YGR031W,7.993464412610907e-05,0.10017146787932246,0.5028980726810295,0.9107288369441995
459,MBA1,mito,YBR185C,7.974012906982387e-05,0.10205118009677147,0.49487626941713136,0.9053098910974
460,DIA4,mito,YHR011W,7.971666126692034e-05,0.10568718215790708,0.4895909625962507,0.9019127886233113
461,MRPL25,mito,YGR076C,7.944670854597697e-05,0.10392771934570118,0.47730643733827416,0.8932355763047319
462,STV1,core,YMR054W,7.942490713924319e-05,-0.10486716168879547,0.4879419084440235,0.9017894227930615
463,LIP5,mito,YOR196C,7.891502376088121e-05,-0.18512615492779536,0.1980633401034655,0.6312922862570848
464,SAM37,mito,YMR060C,7.88148153853981e-05,-0.1085656286306747,0.46263607895031933,0.8799863125751346
465,UGO1,mito,YDR470C,7.881372248125304e-05,-0.012677445335827011,0.931847942362057,1.1929327953876978
466,PUS4,mito,YNL292W,7.794467465677675e-05,-0.3212298131201786,0.02599751816269351,0.2449352950865339
467,MRM2,mito,YGL136C,7.780883092962553e-05,-0.10654608108066144,0.5968454656165084,0.9813516790425283
468,MRH1,mito,YDR033W,7.754719610543587e-05,-0.3262368238979156,0.022155560364442765,0.2235162727032279
469,MRX12,mito,YJR003C,7.743446667346248e-05,-0.12045690878992002,0.4047004992929948,0.8310271435497102
470,RSM10,mito,YDR041W,7.660413340875312e-05,0.06190979758590322,0.6759334081670696,1.0361686490055482
471,CBP4,mito,YGR174C,7.65551773706958e-05,0.279726129391687,0.05973275677806923,0.37795749894726505
472,MSF1,mito,YPR047W,7.509974878935549e-05,0.03904210011234593,0.792194556651629,1.1126510816215898
473,MRPL9,mito,YGR220C,7.497280442459703e-05,0.01522431508593636,0.9173082146618445,1.1834002618421382
474,ECM31,mito,YBR176W,7.48837822052155e-05,0.017491978781009675,0.9070988378237079,1.1800220712655312
475,PET54,mito,YGR222W,7.458857919126094e-05,-0.025390414593985045,0.865475814276589,1.1575781325091647
476,ARH1,mito,YDR376W,7.434404276939304e-05,-0.09197252259004227,0.5386481493538537,0.9391673060362884
477,PPA2,core,YMR267W,7.427303461544986e-05,-0.08634728492279349,0.5595204484027291,0.9529680943911023
478,GPB2,mito,YAL056W,7.373828797208397e-05,-0.023673987822633982,0.887806055333248,1.1707332597801072
479,HYM1,mito,YKL189W,7.373326122702349e-05,0.08988090538298371,0.5713504653806704,0.961150315593651
480,MRP2,mito,YPR166C,7.358418722374757e-05,0.029935613660709157,0.847039626208494,1.1461426396174281
481,MOD5,mito,YOR274W,7.319269401572634e-05,-0.04816615473309397,0.7451074247239236,1.0809193605751086
482,CAT5,mito,YOR125C,7.317536834640843e-05,-0.004513202587765259,0.9788500873315128,1.2219993789646921
483,MAM33,mito,YIL070C,7.285289280133678e-05,0.28262778804868044,0.04673621377909621,0.33473895523457387
484,MMR1,mito,YLR190W,7.264770454866732e-05,-0.013103511946511714,0.9386449783342087,1.1984938681736024
485,MBR1,mito,YKL093W,7.236791944894773e-05,0.07404024444148667,0.6871507624801171,1.0442371062794935
486,COA1,mito,YIL157C,7.229004993719652e-05,0.16678055253044477,0.25205616819896315,0.7054272465142831
487,MDL1,mito,YLR188W,7.227608053485377e-05,-0.03620564288657953,0.8049253925048132,1.120408971252121
488,COX14,mito,YML129C,7.188266507418418e-05,0.007550549647951936,0.9593785059731986,1.21386403641448
489,GNP1,mito,YDR508C,7.166454593104268e-05,-0.26986868155229893,0.060755152452099434,0.3812525163049176
490,RCF2,mito,YNR018W,7.165605931967559e-05,0.06288158049855325,0.6677535538337639,1.0307908617068258
491,SDH5,mito,YOL071W,7.143309049459285e-05,0.1294588767905205,0.3702325303201185,0.7960988706034613
492,COQ4,core,YDR204W,7.100834650075298e-05,-0.11524092452395666,0.4254939381335817,0.8499937315518981
493,TCD1,mito,YHR003C,7.068226350590003e-05,-0.1837938615217098,0.2061778285134147,0.6433651218210569
494,MRPL39,mito,YML009C,7.049780855441426e-05,-0.028225533540898084,0.8664141790759381,1.157701305895569
495,MRPL31,mito,YKL138C,7.044154799659962e-05,-0.09802592567024064,0.5473317034850549,0.946825708608441
496,MSM1,mito,YGR171C,7.025222389679582e-05,-0.046593191159948574,0.7584775467009558,1.091059183897905
497,MRPL36,mito,YBR122C,7.002629424662003e-05,-0.10929829430776991,0.4596035051575881,0.8773898898347481
498,TRM5,mito,YHR070W,6.988324276524334e-05,-0.2694826633938329,0.05842301427238205,0.37347048375990016
499,AFG1,mito,YEL052W,6.966264102385509e-05,-0.041034396852234166,0.7795208689713253,1.1046038416747184
500,PAM18,mito,YLR008C,6.937918239121228e-05,0.08891585236963508,0.5478525814842901,0.947008253058515
501,HNT2,mito,YDR305C,6.934491734208587e-05,-0.06871484376208885,0.646274984941217,1.0180840389216779
502,SHY1,mito,YGR112W,6.866196300311948e-05,0.09154821152849144,0.5405312137403856,0.9410113265421831
503,AIM36,mito,YMR157C,6.835646366062478e-05,0.021960656405986326,0.8835123444551839,1.1682243255506395
504,MSK1,mito,YNL073W,6.801266824966449e-05,-0.01404034844624445,0.9245413120209623,1.1882492623493766
505,IBA57,mito,YJR122W,6.792336544623497e-05,-0.05714733026827417,0.7027991357225707,1.0539675703447453
506,XDJ1,mito,YLR090W,6.682373395259834e-05,-0.036383792002586506,0.8060608441390547,1.1206211735591736
507,COA3,mito,YJL062W-A,6.668546836197188e-05,-0.0183000783791829,0.9143897177407169,1.181640972859721
508,PET112,mito,YBL080C,6.664685684347967e-05,0.027181102474040066,0.8576936729909016,1.152352135780351
509,AIM39,mito,YOL053W,6.651320119053344e-05,0.04555904770909048,0.7636822533585259,1.0934868354557918
510,ICP55,mito,YER078C,6.64256025234577e-05,-0.09499718578941319,0.5207005450166804,0.9236493070316634
511,BOL3,mito,YAL046C,6.601329839411929e-05,-0.09086680996634028,0.5874371797288918,0.9745501599188987
512,TAM41,mito,YGR046W,6.584319058507657e-05,0.19517536005761107,0.24701411981831553,0.6970200410714844
513,GEP7,mito,YGL057C,6.573688490086452e-05,0.03548405784299604,0.8148956813972865,1.1253556351216312
514,MRPL16,mito,YBL038W,6.570595519244381e-05,0.04193241977322339,0.7771899776265999,1.1029003002004032
515,MRPL23,mito,YOR150W,6.520793961148285e-05,-0.07483914340017042,0.609303630562209,0.991586208195458
516,TBS1,mito,YBR150C,6.416044825469345e-05,0.030627757203014333,0.8454186983550434,1.1457626108081032
517,OPI3,mito,YJR073C,6.389429092478037e-05,0.2466115811702995,0.09107642903493882,0.45571527037233467
518,SLS1,mito,YLR139C,6.380633346965313e-05,-0.06387652200275441,0.673214773265091,1.0338547483460312
519,SDH7,core,YDR511W,6.374918954899675e-05,0.3998522263822255,0.004420127610490549,0.08062312761534761
520,TRR2,mito,YHR106W,6.372029368541497e-05,0.1161290056755281,0.43185457373762937,0.8547121771890581
521,MGR2,mito,YPL098C,6.346652834617363e-05,-0.09898095184266943,0.6162921435086295,0.9953809354425089
522,RCF1,mito,YML030W,6.337368402509082e-05,0.14614583953837867,0.3163415336386785,0.7716747824852215
523,ANT1,mito,YPR128C,6.334769776498463e-05,-0.14892209871579587,0.3019908239776479,0.7563592954987594
524,SAM35,mito,YHR083W,6.285684255630913e-05,-0.17290098514239507,0.23991744236886628,0.6863384800514618
525,LIP2,mito,YLR239C,6.283549192033116e-05,-0.040502345367475476,0.8145706034745971,1.125588470255807
526,MRP10,mito,YDL045W-A,6.227953808191587e-05,0.18457381376149806,0.22483237881155402,0.6645866339978519
527,CBP2,mito,YHL038C,6.22371818276963e-05,0.00037008458531319864,0.9979863701628303,1.2312818852658296
528,PET127,mito,YOR017W,6.186114492469739e-05,-0.05604434415488032,0.7051712810920574,1.0554423550699503
529,MRS1,mito,YIR021W,6.096782726823115e-05,0.006453053838850008,0.9656624374151043,1.2168627619600798
530,MRX4,mito,YPL168W,6.0463257305983256e-05,0.5054766840413895,0.0051560594508249045,0.0895112858975694
531,SCO2,mito,YBR024W,6.037750208293565e-05,0.05880680477436997,0.6945830741514485,1.048542976648843
532,ATG9,mito,YDL149W,6.007479600981654e-05,0.18992339034388944,0.24683976165262028,0.6971032079702406
533,ARG2,mito,YJL071W,5.9393015039202555e-05,-0.04551169113477515,0.7587201815408805,1.0911787303910057
534,CCM1,mito,YGR150C,5.9200206590254326e-05,-0.0886028281864789,0.5581785363808165,0.9525801369373216
535,TGL2,mito,YDR058C,5.900299666464432e-05,-0.03915380162548453,0.8206424299190139,1.1287340077711754
536,HER2,mito,YMR293C,5.892088482856888e-05,0.021555248294749297,0.8992334035083487,1.176277773952401
537,RSM26,mito,YJR101W,5.80393786606403e-05,0.0002765510095394749,0.9984791937566925,1.2305581414947344
538,TIM8,mito,YJR135W-A,5.777933855478799e-05,0.07009825879256838,0.6396376164510142,1.0134633533761728
539,YSC83,mito,YHR017W,5.7741806579630554e-05,-0.021909034536209945,0.8837842849464104,1.1681322722769947
540,CEM1,mito,YER061C,5.767734185811467e-05,0.016477880946757555,0.9095732586774615,1.1798750406512113
541,RIM2,mito,YBR192W,5.748493265924546e-05,-0.1004713909697973,0.49684646686496925,0.9064896861446758
542,VAM6,mito,YDL077C,5.728199769052587e-05,-0.11695849127199437,0.4388819153534085,0.8616395812334425
543,VPS54,mito,YDR027C,5.720374162022119e-05,-0.10126769456653104,0.4887130700435067,0.9015095466821968
544,FOL1,mito,YNL256W,5.7005198731703024e-05,-0.3346486178445683,0.020078726319733835,0.2106418528021157
545,LAM5,mito,YFL042C,5.69899029777867e-05,0.05674254192707852,0.7079896020577956,1.0575778288000266
546,FMT1,mito,YBL013W,5.6920924881933766e-05,-0.005735099413058104,0.9712454558206223,1.2191813025900269
547,MRF1,mito,YGL143C,5.690887450428793e-05,0.03347388955699151,0.825213312528939,1.1316076699474624
548,PIS1,mito,YPR113W,5.684444406593626e-05,-0.22476394546474845,0.1165835461730505,0.5105194979664951
549,MRH4,mito,YGL064C,5.683796311178956e-05,-0.046512197191292064,0.7562163641280035,1.090558703486305
550,AIM23,mito,YJL131C,5.6198218299969064e-05,-0.008660817317003836,0.9539256487220956,1.2094256602889961
551,MRX10,mito,YDR282C,5.5915139223514745e-05,0.2756513090151394,0.09866901879148059,0.47261630849700786
552,MSE1,mito,YOL033W,5.576228740864459e-05,0.11301214418245546,0.44944696087412395,0.8708830629968861
553,SCO1,mito,YBR037C,5.544819641163862e-05,0.01365797450822413,0.9249994568073207,1.188168316349685
554,MSW1,mito,YDR268W,5.533003565240816e-05,-0.1101718253104988,0.44626806821682163,0.8689079381164418
555,INA17,mito,YPL099C,5.52593507381387e-05,-0.015043572742537769,0.9218679361514701,1.1865970423929348
556,QRI7,mito,YDL104C,5.51271513624987e-05,0.0875871154978338,0.5627170542936396,0.9562694786008683
557,CBS2,mito,YDR197W,5.508588092218094e-05,0.09945711809685504,0.5581006779699338,0.9526849606474538
558,FYV4,mito,YHR059W,5.469814543417107e-05,-0.0453655908524278,0.7839066347979199,1.1076061520383746
559,PHO91,mito,YNR013C,5.467522932426046e-05,-0.2737395663032916,0.05440567225984718,0.3612959206382084
560,MCD1,mito,YDL003W,5.448737012793832e-05,-0.1772810201808368,0.22803385569298315,0.6682740243958889
561,IMP1,mito,YMR150C,5.4393614389994174e-05,0.16010440966203246,0.36573243637513597,0.7926520484175951
562,MRPL7,mito,YDR237W,5.4019989116239705e-05,-0.08972785980294369,0.5441883457501195,0.9428187145214837
563,TCM62,mito,YBR044C,5.3754385286653893e-05,-0.021088072763351718,0.8881108136749419,1.170909399679376
564,YSP2,mito,YDR326C,5.359791748863605e-05,-0.27286223549942895,0.0665503155016111,0.39651930142074904
565,ORT1,mito,YOR130C,5.3387895240885285e-05,-0.14378859618710763,0.3349238191739504,0.7631175626748238
566,PKP2,mito,YGL059W,5.324566043570844e-05,0.03131060780815639,0.8363494416316521,1.1393408047720575
567,MIX23,mito,YBL107C,5.323164560158806e-05,-0.037013363726251566,0.8092537717788258,1.1220952359552339
568,ZIM17,mito,YNL310C,5.3180057789482146e-05,-0.33271684035790955,0.03354354351646681,0.28715624236875215
569,TIM12,mito,YBR091C,5.312791210003638e-05,0.025046163172554193,0.8702725326153141,1.1610423489543102
570,CDC14,mito,YFR028C,5.3087170502559996e-05,-0.25408717888498616,0.07498206021629789,0.41936000971339127
571,BCS1,mito,YDR375C,5.302052563339439e-05,-0.023480358390199713,0.8714207999575243,1.1609891452492143
572,LAM6,mito,YLR072W,5.2876731808435106e-05,-0.11289629857483424,0.45505112665462777,0.873575556081295
573,PNT1,mito,YOR266W,5.283500657949962e-05,0.05021264145633306,0.7432407961237617,1.080043986719042
574,AAT1,core,YKL106W,5.275875231053451e-05,-0.2520594537836524,0.07741520430062575,0.42565916191019304
575,RRG7,mito,YOR305W,5.263654312982475e-05,-0.012305606241200298,0.9524243195149656,1.2084181683328445
576,MRX1,mito,YER077C,5.2577049045612564e-05,-0.07068318541419771,0.6406515477292416,1.013661019307891
577,TRZ1,mito,YKR079C,5.2378216598558234e-05,-0.202603901354662,0.1626714318027522,0.581637529289506
578,GEP3,mito,YOR205C,5.2021392934897546e-05,-0.013396681730186866,0.9295873140399941,1.19182328547958
579,VNX1,mito,YNL321W,5.1842948951304874e-05,-0.09071789690551423,0.5487832953458489,0.9467030870531163
580,LEU5,mito,YHR002W,5.165714819824927e-05,0.25239535769834986,0.1317882953141089,0.5440144477661466
581,MTF1,mito,YMR228W,5.1527771676798724e-05,-0.10521597700511794,0.4815210610914571,0.8950011026808605
582,SLM5,mito,YCR024C,5.142093164224298e-05,0.006857508369727548,0.9635116882539123,1.21594463978907
583,YPK9,mito,YOR291W,5.1135153448996135e-05,-0.16251531481831458,0.26456077697024716,0.7175240739399248
584,SHE9,mito,YDR393W,5.074033534761304e-05,0.024670771082459606,0.873700127456861,1.162667095681893
585,MRPL27,mito,YBR282W,5.034615087366857e-05,0.018328368721426444,0.9005259725278504,1.176843265588555
586,DRE2,mito,YKR071C,5.028889722772622e-05,-0.434110148516539,0.0016341242820184522,0.040206511111533144
587,MSH1,mito,YHR120W,4.999360749428177e-05,-0.05809131852899682,0.7218013432608907,1.0651825648121882
588,RRG1,mito,YDR065W,4.9944160141846664e-05,0.5474098615108061,0.012482181555724225,0.16078742342966798
589,PUS9,mito,YDL036C,4.909726286671765e-05,-0.11638277271821332,0.4464525140124592,0.8685253685566613
590,CYT2,mito,YKL087C,4.8859998734080024e-05,-0.020648693651446143,0.892902799816512,1.1729316594478476
591,GEM1,mito,YAL048C,4.8440555961370024e-05,-0.07876478258953372,0.5987058730877779,0.982285481391317
592,AI1,mito,Q0050,4.826556110271232e-05,-0.09120169945402273,0.6023323988323404,0.9861066558193414
593,OAR1,mito,YKL055C,4.793798206174805e-05,0.5961084258273893,0.0006438760281692615,0.019401374593294045
594,DSS1,mito,YMR287C,4.7700024506220906e-05,-0.13542472640557787,0.3640812434270605,0.7913300619768331
595,CAF4,mito,YKR036C,4.7574726599298424e-05,-0.21864025482844124,0.1398124603418192,0.5566456511862883
596,FMP32,mito,YFL046W,4.754165773471823e-05,0.13906250927985195,0.35668479489979843,0.7844771694902319
597,CBP1,mito,YJL209W,4.741792776615436e-05,0.14396386142237988,0.4022131572356119,0.8281571328993335
598,COQ8,core,YGL119W,4.71240389579052e-05,-0.015485967778044018,0.914996014657754,1.1819778546287134
599,MSR1,mito,YHR091C,4.7058946552479005e-05,-0.014577507194160498,0.9242814137715333,1.188361817706257
600,MPC1,core,YGL080W,4.688240240626535e-05,-0.0025482255843923755,0.986285623795067,1.2259119874174558
601,MMT2,mito,YPL224C,4.68507709301946e-05,0.033520787921590134,0.8249722567871283,1.1317308937873962
602,AEP3,mito,YPL005W,4.6647548598083006e-05,0.21775410847128135,0.2477033382872127,0.6975260740570337
603,PHR1,mito,YOR386W,4.649258499149046e-05,-0.005237799343436312,0.9727593796075173,1.219068185510337
604,CLD1,mito,YGR110W,4.636580452209969e-05,0.08495571341488029,0.5834844355740754,0.9717637057040847
605,MCP1,mito,YOR228C,4.609106304393256e-05,0.6722445917854144,0.00023253394431079069,0.008597471238301665
606,RSM22,mito,YKL155C,4.6083929583800986e-05,-0.06542331234781948,0.6551496230009991,1.0245138137464183
607,YVC1,mito,YOR087W,4.567897393521353e-05,-0.12002145428049545,0.40641356982408505,0.832794732653308
608,ERV2,mito,YPR037C,4.558488048382581e-05,-0.10320204981478204,0.48999767237305636,0.9019332828395332
609,MRP21,mito,YBL090W,4.515796677359743e-05,-0.109728106630713,0.4678832334871048,0.8850446120165367
610,BFA1,mito,YJR053W,4.473501664673675e-05,0.41937813858609363,0.02105848465004841,0.21692776356375168
611,ECM18,mito,YDR125C,4.4438710609748545e-05,0.6582801020258353,0.0002565015772596027,0.009382196729709531
612,COX23,mito,YHR116W,4.4092400071696695e-05,-0.049712355534730045,0.7428439415569041,1.0796966766360443
613,MRPL51,mito,YPR100W,4.4077819093871985e-05,-0.08575399519393676,0.5579679154411632,0.9529339679444585
614,CSM1,mito,YCR086W,4.382001344983479e-05,-0.14042464474775954,0.4004055501891608,0.8264254566366505
615,AIM22,mito,YJL046W,4.374278049839899e-05,-0.003628631928888792,0.9809057800781775,1.2234492224169828
616,EXO5,mito,YBR163W,4.357337146382226e-05,0.4095640819986227,0.058372099069096475,0.37349406700899895
617,IMP2,mito,YMR035W,4.341597864561111e-05,0.31572209724795497,0.10170421827129757,0.4791025158234679
618,GTF1,mito,YGR102C,4.296507745306221e-05,-0.030626378710502458,0.8380738285132046,1.1407810919463321
619,LAM1,mito,YHR155W,4.282054773474863e-05,0.1842677468003336,0.32967374303437713,0.7582274385861263
620,GUF1,mito,YLR289W,4.275869010182825e-05,0.19697366290826576,0.22940370810689537,0.669420376898961
621,SOV1,mito,YMR066W,4.205867449303312e-05,-0.08277587393838137,0.5887964080243109,0.9751494990039434
622,PET494,mito,YNR045W,4.1722957243787394e-05,0.5710694157401992,0.0012146145711738024,0.03258024967383846
623,ISA1,mito,YLL027W,4.142390295876807e-05,-0.04399581825215103,0.7820452312724574,1.1068051690261966
624,CAB5,mito,YDR196C,4.13402051770638e-05,-0.050176092262621624,0.7293105699378075,1.0709498279035214
625,ISA2,mito,YPR067W,4.130797788697081e-05,-0.10874651054160954,0.5041659859970227,0.9103736389175383
626,FMC1,mito,YIL098C,4.116527580194756e-05,0.026527914603797952,0.8549013305779084,1.1504082433902998
627,ISU2,mito,YOR226C,4.05678587427563e-05,-0.3271948141795523,0.07757802321693667,0.42484682049947703
628,PTC6,mito,YCR079W,4.012371657886399e-05,-0.02864784972043451,0.8535463028114252,1.149263132131919
629,MSS18,mito,YPR134W,3.974868258505779e-05,0.06567009442618744,0.6682179693760546,1.0310423890214784
630,MRP17,mito,YKL003C,3.9443952334875864e-05,0.10087416834980684,0.5582913828750312,0.9522975209140183
631,MTG2,mito,YHR168W,3.9317538063463e-05,-0.04644527519966944,0.7619200171169864,1.0925645528469994
632,SAT4,mito,YCR008W,3.9213449607561866e-05,-0.34463637534381814,0.03955374906219903,0.308492181967436
633,FAU1,mito,YER183C,3.9185836228756615e-05,-0.2636369696264061,0.12027337769770856,0.516428062430839
634,PUS5,mito,YLR165C,3.884356739133432e-05,0.4644723586721689,0.045126155004773134,0.331183369348335
635,PET309,mito,YLR067C,3.880817735974429e-05,0.17951504821044173,0.28084222289166766,0.7362824088075918
636,MDM36,mito,YPR083W,3.876442067153673e-05,0.05412195126118411,0.7240108757338661,1.06706192415851
637,RRG8,mito,YPR116W,3.8723289421306814e-05,0.2885524800150025,0.1714861409738963,0.5927060152912839
638,DUO1,mito,YGL061C,3.869870223174749e-05,-0.22241888270469273,0.12864978947155625,0.5352582481663289
639,PKP1,mito,YIL042C,3.8653819591537186e-05,0.11813615703763662,0.4290214950717566,0.8525586944482321
640,YAH1,mito,YPL252C,3.861725583811763e-05,-0.16734365821740402,0.3599531381130203,0.7868582501415976
641,CYC2,mito,YOR037W,3.84816457341604e-05,0.4265357816956961,0.016718704915825153,0.19284307187899502
642,DML1,mito,YMR211W,3.846126670583652e-05,-0.11119212462188559,0.46712228543725676,0.8853190447189904
643,TIM18,mito,YOR297C,3.8436498902860264e-05,0.2640452119041682,0.15118876332281755,0.5629456402439151
644,PGS1,mito,YCL004W,3.82153920258965e-05,0.1876511849332844,0.25264387578633996,0.7062051942699491
645,IRC3,mito,YDR332W,3.806145695993803e-05,0.3455946234359806,0.06631852628020667,0.3954827548008837
646,MRM1,mito,YOR201C,3.799846625238075e-05,0.07577562673486167,0.6377308950373126,1.0125532316748418
647,PET100,mito,YDR079W,3.79877014008322e-05,-0.008244563415854183,0.9556483187873404,1.2109363654141179
648,COQ10,mito,YOL008W,3.7748049813315756e-05,-0.1969111215269001,0.2496977326385823,0.7005465509630447
649,FUN14,mito,YAL008W,3.7223216874208336e-05,0.00026205361469906595,0.9987718189490783,1.2304753677254494
650,AEP1,mito,YMR064W,3.7145758596258595e-05,0.12437479271147661,0.4632956013649888,0.8800171933730974
651,MDM35,mito,YKL053C-A,3.698960451832193e-05,0.11871651016168812,0.43198437683973867,0.8547217638367985
652,ATP23,mito,YNR020C,3.657275521154236e-05,-0.027474247506102587,0.8594845416110042,1.153625248159197
653,MRS4,mito,YKR052C,3.65153703847662e-05,-0.056850709485917264,0.7042712785722673,1.0547877261734855
654,MNR2,mito,YKL064W,3.6489598444632454e-05,0.04455329110675469,0.7611485199475574,1.0926035417505335
655,OAF3,mito,YKR064W,3.6401184752960874e-05,0.028631056455008862,0.8645125669217317,1.1581014409997346
656,UTP23,mito,YOR004W,3.628447912744399e-05,-0.40488152198799027,0.0039054530867406773,0.07379364395940947
657,NAM8,mito,YHR086W,3.6211367430521395e-05,-0.24522226079079582,0.09297202691815934,0.4618218330575235
658,MCT1,mito,YOR221C,3.618111773854942e-05,-0.07423432412566633,0.616057118180773,0.9952363458565157
659,COX19,mito,YLL018C-A,3.574606703246758e-05,-0.31781991815342797,0.07148300830658538,0.40984390345100086
660,ECM19,mito,YLR390W,3.49018904291601e-05,0.10942970479104572,0.46910173692004375,0.8868590051224707
661,MIP1,mito,YOR330C,3.479155289061709e-05,0.20054011822937445,0.287976068929649,0.7424637434899356
662,POR2,mito,YIL114C,3.4784381333285835e-05,-0.17870308237101695,0.24579300436552715,0.6958709229553831
663,COX16,mito,YJL003W,3.475662288606211e-05,0.08228699398554207,0.6184779111643356,0.9970277898571897
664,SEN15,mito,YMR059W,3.455816354886154e-05,-0.06696705810242752,0.7730298897937498,1.0997347017864492
665,INA22,mito,YIR024C,3.446717701781797e-05,-0.04356501755034397,0.7712330598187311,1.0992361177662264
666,IMA1,mito,YGR287C,3.440041746467063e-05,-0.04961556912907616,0.7520339588357101,1.0877378469943448
667,AIM25,mito,YJR100C,3.436644236544976e-05,-0.048062006254043256,0.7538869077822536,1.0890362089188204
668,MPC2,core,YHR162W,3.417545805377204e-05,-0.18539939198440655,0.33561197724592706,0.7634140087669242
669,CPT1,mito,YNL130C,3.3956934259271506e-05,-0.09775613216421834,0.5086074547984553,0.9130905487720299
670,VMS1,mito,YDR049W,3.3937260696028455e-05,-0.21281251850908897,0.14207506330716224,0.5610816587881003
671,MMM1,mito,YLL006W,3.3918683345227866e-05,-0.1602205461732864,0.29309415622141605,0.7466532694802555
672,SUV3,mito,YPL029W,3.3701755783641245e-05,-0.04434195936382966,0.7698209148693999,1.0981386981661512
673,PIF1,mito,YML061C,3.3568747716212725e-05,-0.20179951487486172,0.2117692267586479,0.6513046362541149
674,PPT2,mito,YPL148C,3.344779509623755e-05,0.005403070330612555,0.9835802729173349,1.224106453194063
675,MSS2,mito,YDL107W,3.336334761903492e-05,0.07724162496921765,0.635687572226306,1.0114219572058463
676,SWS2,mito,YNL081C,3.25011126591989e-05,-0.14369714863924518,0.49317248867389984,0.9041275321708591
677,FMP23,mito,YBR047W,3.220706833098904e-05,0.7598427452317104,6.437843221995957e-05,0.003079359974716947
678,ATP25,mito,YMR098C,3.1638638340873376e-05,-0.08191856064593665,0.5883563923447146,0.9751290825388533
679,PTH1,mito,YHR189W,3.1591532770949126e-05,0.11882316425187797,0.5549860481213333,0.9516431609801755
680,ISC1,mito,YER019W,3.1493359349708544e-05,-0.19222896235010642,0.20059609916190754,0.6358096933584094
681,TIM22,mito,YDL217C,3.132950877608946e-05,0.016649741271017246,0.9135559887836737,1.181679834205811
682,SHH4,mito,YLR164W,3.117448385291835e-05,0.05435946223805381,0.7714813293636451,1.0986742229538482
683,HAP1,mito,YLR256W,3.0777469040155626e-05,-0.1775178247145883,0.2668421902693407,0.7188659241600198
684,BI2,mito,Q0110,3.062075752614236e-05,0.6242252380048466,0.007398867789644855,0.1155439627423991
685,SLM3,mito,YDL033C,3.0437453470444026e-05,-0.07619509621647966,0.6684362300576683,1.0311465524570254
686,RRG9,mito,YNL213C,3.0347376933927877e-05,-0.006484527569451711,0.9705088695177743,1.2195996082126725
687,MTC3,mito,YGL226W,3.0228675625172195e-05,-0.08506772505306573,0.6434283197462174,1.0164087083288977
688,MRS3,mito,YJL133W,3.0036446124231766e-05,-0.15887296971223924,0.30887654351276295,0.7668659011351355
689,MSS1,mito,YMR023C,2.9655532290378878e-05,0.12332567340319864,0.44836237990267913,0.8702606919790934
690,AI3,mito,Q0060,2.951379115394114e-05,0.5126046237475328,0.020831339627565306,0.21523619796457205
691,USB1,mito,YLR132C,2.945428527026767e-05,-0.08915115406947771,0.5649630544472739,0.9574695967342303
692,GEP5,mito,YLR091W,2.9367481427821652e-05,-0.07695745499645533,0.6653103715438291,1.0302746075073106
693,PET8,mito,YNL003C,2.935508679407194e-05,-0.08132432982862044,0.6274099362868516,1.0045608530435546
694,MDJ2,mito,YNL328C,2.9170594884616262e-05,0.19441461911879224,0.3122143567851423,0.7698436194702138
695,CMC4,mito,YMR194C-B,2.9119137061556373e-05,-0.06242289334421235,0.7258039597703991,1.0685533975095847
696,PUS6,mito,YGR169C,2.9047520866040953e-05,-0.15970225755326495,0.30042943247967197,0.7543822753894847
697,MNE1,mito,YOR350C,2.8846813757679156e-05,-0.03310570389331608,0.8251623400037806,1.1317646692652614
698,HTD2,mito,YHR067W,2.8485750170368057e-05,-0.010419658309360915,0.9533619437017461,1.2091592239792217
699,CCE1,mito,YKL011C,2.7709361876246883e-05,-0.06918504149352447,0.6477642878249807,1.0185535008558317
700,SDH8,mito,YBR269C,2.6980316170832712e-05,0.1106747154351111,0.5397760808406395,0.9406543676305668
701,MDM10,mito,YAL010C,2.693001714063343e-05,-0.1345924947782392,0.4204482947785627,0.8460918906400027
702,SPG1,mito,YGR236C,2.6353464601809647e-05,0.29921146233687745,0.137566863564037,0.5538301040482714
703,YPT11,mito,YNL304W,2.5707013362545635e-05,0.07179958250551194,0.6728092833667567,1.0336962035553945
704,NTG1,mito,YAL015C,2.558354847631076e-05,-0.2216011140194899,0.14347478176832504,0.5601412712872964
705,CBS1,mito,YDL069C,2.548769913743527e-05,0.3508688832886585,0.07274294511943465,0.41257192754306216
706,BXI1,mito,YNL305C,2.5395630401317742e-05,0.12446022548180764,0.46298607053522745,0.8801625131909271
707,KIP3,mito,YGL216W,2.5319105936849444e-05,-0.27521175919608115,0.0641502884014532,0.39072838171499547
708,HEM25,mito,YDL119C,2.5244640518862004e-05,-0.05126795683974936,0.7292978490140485,1.0711611095675524
709,AI2,mito,Q0055,2.5127601278252037e-05,0.18336973466808604,0.3151005571746988,0.7705712588755594
710,COA4,mito,YLR218C,2.4416103390609182e-05,-0.26478306210004743,0.11325122523006521,0.5030119354374325
711,ATG32,mito,YIL146C,2.4283524078193116e-05,0.23334961509169005,0.1645385480834146,0.5825277789288591
712,SEN2,mito,YLR105C,2.4259000644885806e-05,-0.014109197984322242,0.9275720657633602,1.1903551463079518
713,MRPL32,mito,YCR003W,2.409583442308779e-05,-0.14752374502015303,0.33925766602617125,0.7663548334276788
714,SEN54,mito,YPL083C,2.397864312711953e-05,-0.09395897284100745,0.5641534021499883,0.9572833715469908
715,AIM34,mito,YMR003W,2.395343717023808e-05,-0.17836717629753174,0.3128447109657353,0.7702871933065621
716,ADK2,mito,YER170W,2.3867285888571067e-05,0.053279743734800905,0.7918286085958341,1.1123655129996932
717,LCL3,mito,YGL085W,2.378247829455292e-05,0.3459264701117501,0.07715089298647904,0.4248889758675657
718,MTG1,mito,YMR097C,2.3096763739070122e-05,-0.10026867456096755,0.5073217605912794,0.9122189386026159
719,COX10,mito,YPL172C,2.294334934585594e-05,0.18529679346016048,0.36480501358708195,0.791896633746633
720,ENV9,mito,YOR246C,2.2841823939765008e-05,-0.36813824293715125,0.011828665259974691,0.15529380110984048
721,TAZ1,mito,YPR140W,2.2176095572133502e-05,-0.1023309907598888,0.49858237939525885,0.9067544469724995
722,YIA6,mito,YIL006W,2.2095571321107093e-05,0.6209175655867176,0.0009258617233839056,0.026061292954509936
723,UBP16,mito,YPL072W,2.1699517473369405e-05,-0.03364589279611952,0.8303988397708421,1.1343974563675974
724,UNG1,mito,YML021C,2.1352983893185788e-05,-0.43915474446062425,0.0022634606103718803,0.05026646290566124
725,PET122,mito,YER153C,2.1346256609665908e-05,0.004757236570745614,0.9783622851004858,1.2216133680334653
726,COX18,mito,YGR062C,2.1266944886271066e-05,0.1201794342544546,0.47863064644173103,0.8937574724710456
727,TOM7,mito,YNL070W,2.093425828602093e-05,-0.08736182440498821,0.6344719910791408,1.0106633486216403
728,MDM31,mito,YHR194W,2.017101042272151e-05,0.2347482171825489,0.25867723116235053,0.712873594339435
729,YFH1,mito,YDL120W,2.0104438404692295e-05,-0.16982434006173056,0.24851287251398793,0.6989424539455911
730,MTQ1,mito,YNL063W,2.0093300633549748e-05,0.005452207984304803,0.9780329048682084,1.2216481134584634
731,PCP1,mito,YGR101W,1.8436502055987205e-05,0.03165441374617126,0.8422605216217278,1.143067850772345
732,FMP30,mito,YPL103C,1.822510656357686e-05,-0.048136820224226176,0.7563394826674559,1.090506336729637
733,YMC2,mito,YBR104W,1.7870886379891834e-05,-0.19979598563852036,0.1733518046736372,0.5931597518597691
734,PET111,mito,YMR257C,1.7720335904885158e-05,0.30019123947694,0.13622085988457483,0.551658189230605
735,EMP65,mito,YER140W,1.732152049334666e-05,-0.15933497431950344,0.40903341392018655,0.8361591605541172
736,MFB1,mito,YDR219C,1.693046818428002e-05,-0.17133521473997665,0.24426617029485032,0.6938457661199237
737,MDM12,mito,YOL009C,1.6907662795760332e-05,-0.12772626876198104,0.41436986031967593,0.8395408307424714
738,HMI1,mito,YOL095C,1.6817511239059284e-05,-0.05263231512423153,0.7862725554375636,1.1077454746020463
739,MDM32,mito,YOR147W,1.6682224301523407e-05,0.12557284942028857,0.5325628108841133,0.933554491657441
740,MRX6,mito,YNL295W,1.6605895291971507e-05,-0.17715827196550962,0.3489943346393184,0.7785783590779314
741,MMT1,mito,YMR177W,1.6510338829949015e-05,-0.2649352565808417,0.07861018983338998,0.4260647372903229
742,MRS2,mito,YOR334W,1.545553154648256e-05,0.03738544859263242,0.8623107245941556,1.156057498279895
743,CBT1,mito,YKL208W,1.5300222305863766e-05,0.019721797057819596,0.9091064915804433,1.1799408733226247
744,PET130,mito,YJL023C,1.520026786039067e-05,0.22738379841625442,0.2743452507389918,0.7273339205638387
745,TPC1,mito,YGR096W,1.5194533708162385e-05,-0.13652808078716974,0.49711104747248636,0.9055231863413599
746,MTM1,mito,YGR257C,1.5048191344830587e-05,-0.054442771258392635,0.7255909136271834,1.0684697199590816
747,SEN34,mito,YAR008W,1.4578865800596749e-05,-0.2746426366461887,0.07120034235466106,0.40890876717538344
748,MFM1,mito,YPL060W,1.4411968122532319e-05,0.017426710657437467,0.9208516667007843,1.1859584636101232
749,MRX8,mito,YDR336W,1.2181490346683471e-05,0.003711618126826879,0.9856429756177981,1.2257814460410434
750,STP4,mito,YDL048C,1.2046127455128713e-05,0.08478363439278162,0.7548983277757773,1.089806788093355
751,ATP22,mito,YDR350C,1.1974535689539513e-05,0.06952191746697642,0.6870230284455336,1.0442750032372112
752,PUS2,mito,YGL063W,1.1471184085885479e-05,0.2237937675346552,0.2617997482102437,0.7145691451548551
753,FLX1,mito,YIL134W,1.1307721164528409e-05,0.03877141303438511,0.847741345335906,1.1461851753503849
754,AVT4,mito,YNL101W,1.1047323963818013e-05,-0.21723086212662995,0.16173005536598123,0.5803953718275507
755,MDM34,mito,YGL219C,1.0889666428364462e-05,0.03305119554605498,0.8551170109562357,1.1504721390520558
756,BUB2,mito,YMR055C,1.059509030686138e-05,-0.11723796098366382,0.4895384326390009,0.9020589653154003
757,UPS3,mito,YDR185C,1.0515669957389768e-05,0.18473662901591023,0.6093998792278739,0.9915069395620022
758,YEA6,mito,YEL006W,9.741681773408481e-06,-0.1124579844435882,0.4673501713509707,0.8850152746513399
759,SAL1,mito,YNL083W,8.366287242625372e-06,0.07593746653455027,0.706578030860874,1.0566230282222078
760,GOT1,core,YMR292W,3.6082768409831144e-06,-0.3351687947873796,0.10145948400787991,0.47860887628544724
761,AI5_ALPHA,mito,Q0070,1.406179559832245e-06,-0.5671551312867861,0.06882394246558564,0.4023553559526545
762,SOM1,mito,YEL059C-A,9.255912166637379e-07,-0.18015779050265388,0.36853544651112635,0.7939472296491666
763,SUE1,mito,YPR151C,2.855698682882568e-07,0.13789152363035412,0.7040325179182931,1.054661064949874
764,MDM30,mito,YLR368W,2.0045936978085177e-07,-0.0391037834388589,0.8628303885398609,1.1565275049211539
765,COQ2,core,YNR041C,,,,
766,COQ3,core,YOL096C,,,,
767,COQ6,core,YGR255C,,,,
